{"0":{"chilling":0.0517799353,"coorslight":0.007797271,"relaxing":0.1197411003,"unplug":0.0420711974},"1":{"chilling":0.0841423948,"coorslight":0.0097465887,"relaxing":0.0776699029,"unplug":0.0226537217},"10":{"chilling":0.0485436893,"coorslight":0.0331384016,"relaxing":0.0647249191,"unplug":0.074433657},"11":{"chilling":0.1391585761,"coorslight":0.0974658869,"relaxing":0.1585760518,"unplug":0.074433657},"12":{"chilling":0.0,"coorslight":0.0,"relaxing":0.003236246,"unplug":0.0161812298},"13":{"chilling":0.074433657,"coorslight":0.0428849903,"relaxing":0.0355987055,"unplug":0.0226537217},"14":{"chilling":0.003236246,"coorslight":0.0428849903,"relaxing":0.0064724919,"unplug":0.0809061489},"15":{"chilling":0.0,"coorslight":0.0,"relaxing":0.0097087379,"unplug":0.0},"16":{"chilling":0.1197411003,"coorslight":0.1072124756,"relaxing":0.1100323625,"unplug":0.1035598706},"17":{"chilling":0.0323624595,"coorslight":0.044834308,"relaxing":0.0291262136,"unplug":0.074433657},"18":{"chilling":0.0226537217,"coorslight":0.0643274854,"relaxing":0.0388349515,"unplug":0.0226537217},"19":{"chilling":0.074433657,"coorslight":0.0233918129,"relaxing":0.0420711974,"unplug":0.0517799353},"2":{"chilling":0.003236246,"coorslight":0.0038986355,"relaxing":0.0129449838,"unplug":0.0906148867},"3":{"chilling":0.0,"coorslight":0.0838206628,"relaxing":0.0226537217,"unplug":0.0841423948},"4":{"chilling":0.0809061489,"coorslight":0.0643274854,"relaxing":0.0097087379,"unplug":0.0258899676},"5":{"chilling":0.0323624595,"coorslight":0.0389863548,"relaxing":0.0485436893,"unplug":0.0355987055},"6":{"chilling":0.0776699029,"coorslight":0.0136452242,"relaxing":0.074433657,"unplug":0.0485436893},"7":{"chilling":0.0906148867,"coorslight":0.081871345,"relaxing":0.0841423948,"unplug":0.071197411},"8":{"chilling":0.0582524272,"coorslight":0.0604288499,"relaxing":0.0388349515,"unplug":0.0550161812},"9":{"chilling":0.0064724919,"coorslight":0.179337232,"relaxing":0.0129449838,"unplug":0.003236246}}